{"users":[{"id":1,"fullname":"usertest1","date":"30/01/2000","phone":"0909090909","address":"456 Phú Thọ Nghệ an","gender":"Nam","email":"usertest1@gmail.com","password":"123456"},{"id":2,"fullname":"usertest2","date":"30/01/2000","phone":"0909090909","address":"84 Hậu giang q6","gender":"Nam","email":"usertest2@gmail.com","password":"123456"},{"id":3,"fullname":"usertest3","date":"30/01/2000","phone":"0909090909","address":"84 Hậu giang q6","gender":"Nam","email":"usertest3@gmail.com","password":"123456"},{"id":4,"fullname":"usertest4","date":"30/01/2000","phone":"0909090909","address":"84 Hậu giang q6","gender":"Nam","email":"usertest4@gmail.com","password":"123456"},{"id":5,"fullname":"usertest1","date":"30/01/2000","phone":"0909090909","address":"456 Phú Thọ Nghệ an","gender":"Nam","email":"usertest5@gmail.com","password":"123456"},{"id":6,"fullname":"usertest1","date":"30/01/2000","phone":"0909090909","address":"456 Phú Thọ Nghệ an","gender":"Nam","email":"usertest6@gmail.com","password":"123456"},{"id":7,"fullname":"usertest7","date":"30/01/2000","phone":"0909090909","address":"84 Hậu giang q6","gender":"Nam","email":"usertest7@gmail.com","password":"123456"},{"id":8,"fullname":"usertest8","date":"30/01/2000","phone":"0909090909","address":"84 Hậu giang q6","gender":"Nam","email":"usertest8@gmail.com","password":"123456"},{"id":9,"fullname":"dohoangloc","date":"30/01/2000","phone":"0909090909","address":"84 Hậu giang q6","gender":"Nam","email":"dohoangloc@gmail.com","password":"123456"}],"products":[{"id":1,"title":"Áo polo logo rubber","image":["1.jpg","2.jpg"],"size":["S","M","L"],"color":["RED","YELLOW"],"price":3660000,"description":"Nội dung ......","category":"Áo"},{"id":2,"title":"Quần jogger dệt kim","image":["1.jpg","2.jpg"],"size":["S","M","L"],"color":["RED","YELLOW"],"price":5800000,"description":"Nội dung ......","category":"Quần"},{"id":3,"title":"Giày sneaker","image":["1.jpg","2.jpg"],"size":[30,31,32],"color":["RED","YELLOW"],"price":1200000,"description":"Nội dung ......","category":"Giày"},{"id":4,"title":"Giày sneaker 2","image":["1.jpg","2.jpg"],"size":[30,31,32],"color":["RED","YELLOW"],"price":1340000,"description":"Nội dung ......","category":"Giày"},{"id":5,"title":"Giày sneaker 3","image":["1.jpg","2.jpg"],"size":[30,31,32],"color":["RED","YELLOW"],"price":1340000,"description":"Nội dung ......","category":"Giày"},{"id":6,"title":"Giày sneaker 3","image":["1.jpg","2.jpg"],"size":[30,31,32],"color":["RED","YELLOW"],"price":1340000,"description":"Nội dung ......","category":"Giày"},{"id":7,"title":"Giày sneaker 3","image":["1.jpg","2.jpg"],"size":[30,31,32],"color":["RED","YELLOW"],"price":1340000,"description":"Nội dung ......","category":"Giày"},{"id":8,"title":"Giày sneaker 3","image":["1.jpg","2.jpg"],"size":[30,31,32],"color":["RED","YELLOW"],"price":1340000,"description":"Nội dung ......","category":"Giày"},{"id":9,"title":"Giày sneaker 5","image":["1.jpg","2.jpg"],"size":[30,31,32],"color":["RED","YELLOW"],"price":1340000,"description":"Nội dung ......","category":"Giày"},{"id":10,"title":"Giày sneaker 6","image":["1.jpg","2.jpg"],"size":[30,31,32],"color":["RED","YELLOW"],"price":1340000,"description":"Nội dung ......","category":"Giày"},{"id":11,"title":"Giày sneaker 7","image":["1.jpg","2.jpg"],"size":[30,31,32],"color":["RED","YELLOW"],"price":1340000,"description":"Nội dung ......","category":"Giày"}]}